-- phpMyAdmin SQL Dump
-- version 4.7.0
-- https://www.phpmyadmin.net/
--
-- Host: localhost
-- Generation Time: Sep 14, 2017 at 08:22 AM
-- Server version: 10.1.25-MariaDB
-- PHP Version: 5.6.31

SET SQL_MODE = "NO_AUTO_VALUE_ON_ZERO";
SET AUTOCOMMIT = 0;
START TRANSACTION;
SET time_zone = "+00:00";


/*!40101 SET @OLD_CHARACTER_SET_CLIENT=@@CHARACTER_SET_CLIENT */;
/*!40101 SET @OLD_CHARACTER_SET_RESULTS=@@CHARACTER_SET_RESULTS */;
/*!40101 SET @OLD_COLLATION_CONNECTION=@@COLLATION_CONNECTION */;
/*!40101 SET NAMES utf8mb4 */;

--
-- Database: `db_omms`
--

-- --------------------------------------------------------

--
-- Table structure for table `assets`
--

CREATE TABLE `assets` (
  `id` int(11) NOT NULL,
  `file_name` varchar(100) COLLATE utf8_unicode_ci NOT NULL COMMENT 'ชื่อไฟล์',
  `file_type` varchar(15) COLLATE utf8_unicode_ci NOT NULL COMMENT 'ชนิดของไฟล์',
  `full_type` varchar(255) COLLATE utf8_unicode_ci NOT NULL COMMENT 'ลักษณะเต็มของไฟล์',
  `full_path` varchar(255) COLLATE utf8_unicode_ci NOT NULL COMMENT 'ที่อยู่ไฟล์แบบเต็ม',
  `raw_name` varchar(100) COLLATE utf8_unicode_ci NOT NULL COMMENT 'ชื่อไฟล์',
  `orig_name` varchar(100) COLLATE utf8_unicode_ci NOT NULL COMMENT 'ชื่อไฟล์เดิม',
  `client_name` varchar(100) COLLATE utf8_unicode_ci NOT NULL COMMENT 'ชื่อไฟล์ใหม่',
  `file_ext` varchar(10) COLLATE utf8_unicode_ci NOT NULL COMMENT 'นามสกุลไฟล์',
  `file_size` varchar(10) COLLATE utf8_unicode_ci NOT NULL COMMENT 'ขนาดไฟล์',
  `is_image` int(1) NOT NULL COMMENT 'เป็นรูปภาพ',
  `image_width` varchar(4) COLLATE utf8_unicode_ci NOT NULL COMMENT 'ความกว้าง',
  `image_height` varchar(4) COLLATE utf8_unicode_ci NOT NULL COMMENT 'ความสูง',
  `image_type` varchar(8) COLLATE utf8_unicode_ci NOT NULL COMMENT 'ชนิดรูปภาพ',
  `image_size_str` varchar(50) COLLATE utf8_unicode_ci NOT NULL COMMENT 'ขนาดไฟล์แบบข้อความ'
) ENGINE=InnoDB DEFAULT CHARSET=utf8 COLLATE=utf8_unicode_ci;

--
-- Dumping data for table `assets`
--

INSERT INTO `assets` (`id`, `file_name`, `file_type`, `full_type`, `full_path`, `raw_name`, `orig_name`, `client_name`, `file_ext`, `file_size`, `is_image`, `image_width`, `image_height`, `image_type`, `image_size_str`) VALUES
(11, 'a834e2b3247241ced66a089d280de87f.jpg', 'image/jpeg', '', '/Applications/XAMPP/xamppfiles/htdocs/dsd/uploads/attachments/a834e2b3247241ced66a089d280de87f.jpg', 'a834e2b3247241ced66a089d280de87f', '10854938_1412653862379166_6949146549775122244_o.jpg', '10854938_1412653862379166_6949146549775122244_o.jpg', '.jpg', '145.52', 1, '1701', '626', 'jpeg', 'width=\"1701\" height=\"626\"'),
(12, '48306439b0a071e2f21a0ab1282095e9.jpg', 'image/jpeg', '', '/Applications/XAMPP/xamppfiles/htdocs/dsd/uploads/attachments/48306439b0a071e2f21a0ab1282095e9.jpg', '48306439b0a071e2f21a0ab1282095e9', 'IMG_0194.jpg', 'IMG_0194.jpg', '.jpg', '155.8', 1, '1152', '864', 'jpeg', 'width=\"1152\" height=\"864\"'),
(13, '5130cf5de427905ad62ff6135f2073f7.jpg', 'image/jpeg', '', '/Applications/XAMPP/xamppfiles/htdocs/dsd/uploads/attachments/5130cf5de427905ad62ff6135f2073f7.jpg', '5130cf5de427905ad62ff6135f2073f7', '11012945_1441110252866860_3961745365135167872_n.jpg', '11012945_1441110252866860_3961745365135167872_n.jpg', '.jpg', '59.88', 1, '640', '640', 'jpeg', 'width=\"640\" height=\"640\"'),
(14, '1ea3177f80a3161c7bd99fdbfcc21cd3.jpg', 'image/jpeg', '', '/Applications/XAMPP/xamppfiles/htdocs/dsd/uploads/attachments/1ea3177f80a3161c7bd99fdbfcc21cd3.jpg', '1ea3177f80a3161c7bd99fdbfcc21cd3', 'IMG_0716.jpg', 'IMG_0716.jpg', '.jpg', '162.18', 1, '1214', '864', 'jpeg', 'width=\"1214\" height=\"864\"');

-- --------------------------------------------------------

--
-- Table structure for table `assets_by`
--

CREATE TABLE `assets_by` (
  `id` int(11) NOT NULL,
  `asset_id` int(11) NOT NULL COMMENT 'ไอดีไฟล์',
  `user_id` int(11) NOT NULL COMMENT 'ไอดีผู้อัพโหลด',
  `upload_date` varchar(11) COLLATE utf8_unicode_ci NOT NULL COMMENT 'วันที่อัพโหลด',
  `is_avatar` int(1) NOT NULL COMMENT 'เป็นรูปโปรไฟล์'
) ENGINE=InnoDB DEFAULT CHARSET=utf8 COLLATE=utf8_unicode_ci;

--
-- Dumping data for table `assets_by`
--

INSERT INTO `assets_by` (`id`, `asset_id`, `user_id`, `upload_date`, `is_avatar`) VALUES
(11, 11, 2, '1504547490', 0),
(12, 12, 2, '1504547490', 0),
(13, 13, 2, '1504547490', 0),
(14, 14, 2, '1504547491', 0);

-- --------------------------------------------------------

--
-- Table structure for table `groups`
--

CREATE TABLE `groups` (
  `id` mediumint(8) UNSIGNED NOT NULL,
  `name` varchar(20) NOT NULL COMMENT 'ชื่อกลุ่ม',
  `description` varchar(100) NOT NULL COMMENT 'คำอธิบายกลุ่ม'
) ENGINE=InnoDB DEFAULT CHARSET=utf8;

--
-- Dumping data for table `groups`
--

INSERT INTO `groups` (`id`, `name`, `description`) VALUES
(1, 'admin', 'Administrator'),
(2, 'members', 'General User');

-- --------------------------------------------------------

--
-- Table structure for table `login_attempts`
--

CREATE TABLE `login_attempts` (
  `id` int(11) UNSIGNED NOT NULL,
  `ip_address` varchar(15) NOT NULL COMMENT 'ไอพีแอดเดรส',
  `login` varchar(100) NOT NULL COMMENT 'รหัสล็อกอิน',
  `time` int(11) UNSIGNED DEFAULT NULL COMMENT 'จำนวนครั้ง'
) ENGINE=InnoDB DEFAULT CHARSET=utf8;

-- --------------------------------------------------------

--
-- Table structure for table `orders`
--

CREATE TABLE `orders` (
  `id` int(6) NOT NULL,
  `admin_id` int(6) NOT NULL COMMENT 'ไอดีแอดมินผู้รับเรื่อง',
  `fullname` varchar(200) NOT NULL COMMENT 'ชื่อผู้บันทึก',
  `ip_address` varchar(50) NOT NULL COMMENT 'ไอพีแอดเดรสผู้แจ้ง',
  `date_create` varchar(11) NOT NULL COMMENT 'วันที่บันทึก',
  `date_update` varchar(11) NOT NULL COMMENT 'วันที่อัพเดท',
  `title` varchar(100) NOT NULL COMMENT 'หัวข้อเรื่อง',
  `detail` text NOT NULL COMMENT 'เนื้อหา',
  `status` varchar(100) NOT NULL DEFAULT 'รอดำเนินการ' COMMENT 'สถานะการรับเรื่อง'
) ENGINE=InnoDB DEFAULT CHARSET=utf8;

--
-- Dumping data for table `orders`
--

INSERT INTO `orders` (`id`, `admin_id`, `fullname`, `ip_address`, `date_create`, `date_update`, `title`, `detail`, `status`) VALUES
(1, 4, '', '::1', '15324651244', '1505370119', 'ทดสอบหัวข้อเรื่องที่1', '<p></p><div><h2>What is Lorem Ipsum?</h2><p><strong>Lorem Ipsum</strong>&nbsp;is simply dummy text of the printing and typesetting industry. Lorem Ipsum has been the industry\'s standard dummy text ever since the 1500s, when an unknown printer took a galley of type and scrambled it to make a type specimen book. It has survived not only five centuries, but also the leap into electronic typesetting, remaining essentially unchanged. It was popularised in the 1960s with the release of Letraset sheets containing Lorem Ipsum passages, and more recently with desktop publishing software like Aldus PageMaker including versions of Lorem Ipsum.</p></div><div><h2>Why do we use it?</h2><p>It is a long established fact that a reader will be distracted by the readable content of a page when looking at its layout. The point of using Lorem Ipsum is that it has a more-or-less normal distribution of letters, as opposed to using \'Content here, content here\', making it look like readable English. Many desktop publishing packages and web page editors now use Lorem Ipsum as their default model text, and a search for \'lorem ipsum\' will uncover many web sites still in their infancy. Various versions have evolved over the years, sometimes by accident, sometimes on purpose (injected humour and the like).</p></div><br><div><h2>Where does it come from?</h2><p>Contrary to popular belief, Lorem Ipsum is not simply random text. It has roots in a piece of classical Latin literature from 45 BC, making it over 2000 years old. Richard McClintock, a Latin professor at Hampden-Sydney College in Virginia, looked up one of the more obscure Latin words, consectetur, from a Lorem Ipsum passage, and going through the cites of the word in classical literature, discovered the undoubtable source. Lorem Ipsum comes from sections 1.10.32 and 1.10.33 of \"de Finibus Bonorum et Malorum\" (The Extremes of Good and Evil) by Cicero, written in 45 BC. This book is a treatise on the theory of ethics, very popular during the Renaissance. The first line of Lorem Ipsum, \"Lorem ipsum dolor sit amet..\", comes from a line in section 1.10.32.</p><p>The standard chunk of Lorem Ipsum used since the 1500s is reproduced below for those interested. Sections 1.10.32 and 1.10.33 from \"de Finibus Bonorum et Malorum\" by Cicero are also reproduced in their exact original form, accompanied by English versions from the 1914 translation by H. Rackham.</p></div><div><h2>Where can I get some?</h2><p>There are many variations of passages of Lorem Ipsum available, but the majority have suffered alteration in some form, by injected humour, or randomised words which don\'t look even slightly believable. If you are going to use a passage of Lorem Ipsum, you need to be sure there isn\'t anything embarrassing hidden in the middle of text. All the Lorem Ipsum generators on the Internet tend to repeat predefined chunks as necessary, making this the first true generator on the Internet. It uses a dictionary of over 200 Latin words, combined with a handful of model sentence structures, to generate Lorem Ipsum which looks reasonable. The generated Lorem Ipsum is therefore always free from repetition, injected humour, or non-characteristic words etc.</p></div><br><p></p>', 'รอดำเนินการ');

-- --------------------------------------------------------

--
-- Table structure for table `sessions`
--

CREATE TABLE `sessions` (
  `id` varchar(128) COLLATE utf8_unicode_ci NOT NULL,
  `ip_address` varchar(45) COLLATE utf8_unicode_ci NOT NULL COMMENT 'ไอพีแอดเดรส',
  `timestamp` int(10) UNSIGNED NOT NULL DEFAULT '0' COMMENT 'เวลาล็อกอิน',
  `data` blob NOT NULL COMMENT 'รหัสล็อกอิน'
) ENGINE=InnoDB DEFAULT CHARSET=utf8 COLLATE=utf8_unicode_ci;

--
-- Dumping data for table `sessions`
--

INSERT INTO `sessions` (`id`, `ip_address`, `timestamp`, `data`) VALUES
('012oh45mdiuqdf4407j2lmbnegl580qb', '::1', 1505359149, 0x5f5f63695f6c6173745f726567656e65726174657c693a313530353335393134393b6964656e746974797c733a31353a2261646d696e40656d61696c2e636f6d223b656d61696c7c733a31353a2261646d696e40656d61696c2e636f6d223b757365725f69647c733a313a2234223b6f6c645f6c6173745f6c6f67696e7c733a31303a2231353035323932363934223b6c6173745f636865636b7c693a313530353335373935303b),
('0mrbc95f2rq8a1q9591iqtkra8118fan', '::1', 1505124408, 0x5f5f63695f6c6173745f726567656e65726174657c693a313530353132343430383b),
('16pqojl70vnbkf8un2nt66oeb65b5it7', '::1', 1505201320, 0x5f5f63695f6c6173745f726567656e65726174657c693a313530353230313136313b6964656e746974797c733a31353a2261646d696e40656d61696c2e636f6d223b656d61696c7c733a31353a2261646d696e40656d61696c2e636f6d223b757365725f69647c733a313a2234223b6f6c645f6c6173745f6c6f67696e7c733a31303a2231353035313035333633223b6c6173745f636865636b7c693a313530353230303537313b),
('4qiumik7df4ajqs4p8g91s2pa7mln6u2', '::1', 1505200572, 0x5f5f63695f6c6173745f726567656e65726174657c693a313530353230303330353b6964656e746974797c733a31353a2261646d696e40656d61696c2e636f6d223b656d61696c7c733a31353a2261646d696e40656d61696c2e636f6d223b757365725f69647c733a313a2234223b6f6c645f6c6173745f6c6f67696e7c733a31303a2231353035313035333633223b6c6173745f636865636b7c693a313530353230303537313b6d6573736167657c733a38333a223c7020636c6173733d22616c65727420616c6572742d696e666f223ee0b980e0b882e0b989e0b8b2e0b8aae0b8b9e0b988e0b8a3e0b8b0e0b89ae0b89ae0b8aae0b8b3e0b980e0b8a3e0b987e0b8883c2f703e223b5f5f63695f766172737c613a313a7b733a373a226d657373616765223b733a333a226f6c64223b7d),
('6nh8gh6gg50e9ruap83925gs2agvpfd1', '::1', 1505364558, 0x5f5f63695f6c6173745f726567656e65726174657c693a313530353336343439313b6964656e746974797c733a31353a2261646d696e40656d61696c2e636f6d223b656d61696c7c733a31353a2261646d696e40656d61696c2e636f6d223b757365725f69647c733a313a2234223b6f6c645f6c6173745f6c6f67696e7c733a31303a2231353035333537393530223b6c6173745f636865636b7c693a313530353335393236313b),
('7mh5qipah3q0c58ur8otj38n891ptu37', '::1', 1505210067, 0x5f5f63695f6c6173745f726567656e65726174657c693a313530353231303035383b6964656e746974797c733a31353a2261646d696e40656d61696c2e636f6d223b656d61696c7c733a31353a2261646d696e40656d61696c2e636f6d223b757365725f69647c733a313a2234223b6f6c645f6c6173745f6c6f67696e7c733a31303a2231353035323030353731223b6c6173745f636865636b7c693a313530353230353932323b),
('83jpq6n5l15gmk0g7loopcrmbbeqd5rp', '::1', 1505368385, 0x5f5f63695f6c6173745f726567656e65726174657c693a313530353336383334363b6964656e746974797c733a31353a2261646d696e40656d61696c2e636f6d223b656d61696c7c733a31353a2261646d696e40656d61696c2e636f6d223b757365725f69647c733a313a2234223b6f6c645f6c6173745f6c6f67696e7c733a31303a2231353035333539323631223b6c6173745f636865636b7c693a313530353336353635313b),
('86n5demp2krno0frp3iir0mbjnicda7k', '::1', 1505205979, 0x5f5f63695f6c6173745f726567656e65726174657c693a313530353230353731323b6964656e746974797c733a31353a2261646d696e40656d61696c2e636f6d223b656d61696c7c733a31353a2261646d696e40656d61696c2e636f6d223b757365725f69647c733a313a2234223b6f6c645f6c6173745f6c6f67696e7c733a31303a2231353035323030353731223b6c6173745f636865636b7c693a313530353230353932323b),
('8fljgb9sdrogk5n729mb54s2gb8i6850', '::1', 1505294056, 0x5f5f63695f6c6173745f726567656e65726174657c693a313530353239333738383b6964656e746974797c733a31353a2261646d696e40656d61696c2e636f6d223b656d61696c7c733a31353a2261646d696e40656d61696c2e636f6d223b757365725f69647c733a313a2234223b6f6c645f6c6173745f6c6f67696e7c733a31303a2231353035323035393232223b6c6173745f636865636b7c693a313530353239323639343b),
('8ghic1kvajvb48tvhk0ov6nf2eqk0gjt', '::1', 1505366534, 0x5f5f63695f6c6173745f726567656e65726174657c693a313530353336363238303b6964656e746974797c733a31353a2261646d696e40656d61696c2e636f6d223b656d61696c7c733a31353a2261646d696e40656d61696c2e636f6d223b757365725f69647c733a313a2234223b6f6c645f6c6173745f6c6f67696e7c733a31303a2231353035333539323631223b6c6173745f636865636b7c693a313530353336353635313b),
('96gvcr191kc6cdfdh7c241468eig6i0n', '::1', 1505366258, 0x5f5f63695f6c6173745f726567656e65726174657c693a313530353336353937333b6964656e746974797c733a31353a2261646d696e40656d61696c2e636f6d223b656d61696c7c733a31353a2261646d696e40656d61696c2e636f6d223b757365725f69647c733a313a2234223b6f6c645f6c6173745f6c6f67696e7c733a31303a2231353035333539323631223b6c6173745f636865636b7c693a313530353336353635313b7761726e696e677c733a303a22223b5f5f63695f766172737c613a313a7b733a373a227761726e696e67223b733a333a226e6577223b7d),
('9h7pvjeijls4b5cdi330ujddr7007trb', '::1', 1505358610, 0x5f5f63695f6c6173745f726567656e65726174657c693a313530353335383334393b6964656e746974797c733a31353a2261646d696e40656d61696c2e636f6d223b656d61696c7c733a31353a2261646d696e40656d61696c2e636f6d223b757365725f69647c733a313a2234223b6f6c645f6c6173745f6c6f67696e7c733a31303a2231353035323932363934223b6c6173745f636865636b7c693a313530353335373935303b),
('agmmtbgn4q2r2snhbpmdntb846s5td7p', '::1', 1505293074, 0x5f5f63695f6c6173745f726567656e65726174657c693a313530353239333037303b6964656e746974797c733a31353a2261646d696e40656d61696c2e636f6d223b656d61696c7c733a31353a2261646d696e40656d61696c2e636f6d223b757365725f69647c733a313a2234223b6f6c645f6c6173745f6c6f67696e7c733a31303a2231353035323035393232223b6c6173745f636865636b7c693a313530353239323639343b),
('ai01360ucrmdi4bj1p6bvp5j22r59t69', '::1', 1505369190, 0x5f5f63695f6c6173745f726567656e65726174657c693a313530353336393139303b6964656e746974797c733a31353a2261646d696e40656d61696c2e636f6d223b656d61696c7c733a31353a2261646d696e40656d61696c2e636f6d223b757365725f69647c733a313a2234223b6f6c645f6c6173745f6c6f67696e7c733a31303a2231353035333635363531223b6c6173745f636865636b7c693a313530353336383533303b),
('bkienrvi0qcq6065l9r76pthj6bl44ds', '::1', 1505361033, 0x5f5f63695f6c6173745f726567656e65726174657c693a313530353336313030343b6964656e746974797c733a31353a2261646d696e40656d61696c2e636f6d223b656d61696c7c733a31353a2261646d696e40656d61696c2e636f6d223b757365725f69647c733a313a2234223b6f6c645f6c6173745f6c6f67696e7c733a31303a2231353035333537393530223b6c6173745f636865636b7c693a313530353335393236313b),
('c4hga0lcqn38k2rmui194b5kqo25mf7v', '::1', 1505365547, 0x5f5f63695f6c6173745f726567656e65726174657c693a313530353336353236333b6964656e746974797c733a31353a2261646d696e40656d61696c2e636f6d223b656d61696c7c733a31353a2261646d696e40656d61696c2e636f6d223b757365725f69647c733a313a2234223b6f6c645f6c6173745f6c6f67696e7c733a31303a2231353035333537393530223b6c6173745f636865636b7c693a313530353335393236313b),
('cdecs7pvgbfd2uvdjmih57a224e06u5b', '::1', 1505188718, 0x5f5f63695f6c6173745f726567656e65726174657c693a313530353138383731383b),
('cgbekilecpvrg27bs884gs2ib689ijne', '::1', 1505359420, 0x5f5f63695f6c6173745f726567656e65726174657c693a313530353335393235323b6964656e746974797c733a31353a2261646d696e40656d61696c2e636f6d223b656d61696c7c733a31353a2261646d696e40656d61696c2e636f6d223b757365725f69647c733a313a2234223b6f6c645f6c6173745f6c6f67696e7c733a31303a2231353035333537393530223b6c6173745f636865636b7c693a313530353335393236313b),
('cijbjdhutqo2c40oc3pcg4jen66lb3m1', '::1', 1505370143, 0x5f5f63695f6c6173745f726567656e65726174657c693a313530353337303134333b),
('dlp5rneg54epkvvfbh8ubv960p78sem4', '::1', 1505297216, 0x5f5f63695f6c6173745f726567656e65726174657c693a313530353239363932323b6964656e746974797c733a31353a2261646d696e40656d61696c2e636f6d223b656d61696c7c733a31353a2261646d696e40656d61696c2e636f6d223b757365725f69647c733a313a2234223b6f6c645f6c6173745f6c6f67696e7c733a31303a2231353035323035393232223b6c6173745f636865636b7c693a313530353239323639343b7761726e696e677c733a303a22223b5f5f63695f766172737c613a313a7b733a373a227761726e696e67223b733a333a226e6577223b7d),
('e4ibil4qdgtp8mdahfqth40a8mmgjj9b', '::1', 1505293488, 0x5f5f63695f6c6173745f726567656e65726174657c693a313530353239333431373b6964656e746974797c733a31353a2261646d696e40656d61696c2e636f6d223b656d61696c7c733a31353a2261646d696e40656d61696c2e636f6d223b757365725f69647c733a313a2234223b6f6c645f6c6173745f6c6f67696e7c733a31303a2231353035323035393232223b6c6173745f636865636b7c693a313530353239323639343b),
('ep70q0q1fpco77ics885co7g5p39shbh', '::1', 1505202414, 0x5f5f63695f6c6173745f726567656e65726174657c693a313530353230323135373b),
('f0nkb7hutntqk0jv53djbsdnqpslcos7', '::1', 1505297379, 0x5f5f63695f6c6173745f726567656e65726174657c693a313530353239373235363b6964656e746974797c733a31353a2261646d696e40656d61696c2e636f6d223b656d61696c7c733a31353a2261646d696e40656d61696c2e636f6d223b757365725f69647c733a313a2234223b6f6c645f6c6173745f6c6f67696e7c733a31303a2231353035323035393232223b6c6173745f636865636b7c693a313530353239323639343b),
('gi1p2ih5kvdp4j93nq35afquoespnlap', '::1', 1505197816, 0x5f5f63695f6c6173745f726567656e65726174657c693a313530353139373630323b),
('gtav2l9kfuiiua3nupct90eoomoc3v8a', '::1', 1505197162, 0x5f5f63695f6c6173745f726567656e65726174657c693a313530353139373035383b),
('h7n1s6tbshbh7m0oi9bvnbe8s4140cp5', '::1', 1505204895, 0x5f5f63695f6c6173745f726567656e65726174657c693a313530353230343739323b),
('hdbp28942c1vtkign501vgpvmspi09rm', '::1', 1505360530, 0x5f5f63695f6c6173745f726567656e65726174657c693a313530353336303337313b6964656e746974797c733a31353a2261646d696e40656d61696c2e636f6d223b656d61696c7c733a31353a2261646d696e40656d61696c2e636f6d223b757365725f69647c733a313a2234223b6f6c645f6c6173745f6c6f67696e7c733a31303a2231353035333537393530223b6c6173745f636865636b7c693a313530353335393236313b),
('i0gkfnuatcq6f4coo11m9vtjnef8f0pu', '::1', 1505297448, 0x5f5f63695f6c6173745f726567656e65726174657c693a313530353239373432343b),
('i8rl5h862vegt6u8ouhpcpvq9aklpov3', '::1', 1505204731, 0x5f5f63695f6c6173745f726567656e65726174657c693a313530353230343437333b),
('if3fc1rt13rl3fa8oklulvg9o918caht', '::1', 1505365236, 0x5f5f63695f6c6173745f726567656e65726174657c693a313530353336343936303b6964656e746974797c733a31353a2261646d696e40656d61696c2e636f6d223b656d61696c7c733a31353a2261646d696e40656d61696c2e636f6d223b757365725f69647c733a313a2234223b6f6c645f6c6173745f6c6f67696e7c733a31303a2231353035333537393530223b6c6173745f636865636b7c693a313530353335393236313b),
('iluumcn5m6a1e08g144f3rjhvimb6gb7', '::1', 1505204002, 0x5f5f63695f6c6173745f726567656e65726174657c693a313530353230333935333b),
('jfuqo9nn22mdb6jd1s38lg0m0h9viba6', '::1', 1505296539, 0x5f5f63695f6c6173745f726567656e65726174657c693a313530353239363235333b6964656e746974797c733a31353a2261646d696e40656d61696c2e636f6d223b656d61696c7c733a31353a2261646d696e40656d61696c2e636f6d223b757365725f69647c733a313a2234223b6f6c645f6c6173745f6c6f67696e7c733a31303a2231353035323035393232223b6c6173745f636865636b7c693a313530353239323639343b),
('jls4tae9522aimo1m21qllj2op61gbdq', '::1', 1505359759, 0x5f5f63695f6c6173745f726567656e65726174657c693a313530353335393537363b6964656e746974797c733a31353a2261646d696e40656d61696c2e636f6d223b656d61696c7c733a31353a2261646d696e40656d61696c2e636f6d223b757365725f69647c733a313a2234223b6f6c645f6c6173745f6c6f67696e7c733a31303a2231353035333537393530223b6c6173745f636865636b7c693a313530353335393236313b),
('jtnom7lbqh6p08r9s58k6i642sa7r0rv', '::1', 1505358128, 0x5f5f63695f6c6173745f726567656e65726174657c693a313530353335373931323b6964656e746974797c733a31353a2261646d696e40656d61696c2e636f6d223b656d61696c7c733a31353a2261646d696e40656d61696c2e636f6d223b757365725f69647c733a313a2234223b6f6c645f6c6173745f6c6f67696e7c733a31303a2231353035323932363934223b6c6173745f636865636b7c693a313530353335373935303b),
('knum9pv5rifmomseq4a0egp39h3ffvfn', '::1', 1505368654, 0x5f5f63695f6c6173745f726567656e65726174657c693a313530353336383532343b6964656e746974797c733a31353a2261646d696e40656d61696c2e636f6d223b656d61696c7c733a31353a2261646d696e40656d61696c2e636f6d223b757365725f69647c733a313a2234223b6f6c645f6c6173745f6c6f67696e7c733a31303a2231353035333635363531223b6c6173745f636865636b7c693a313530353336383533303b),
('kta0o5fg2gbn6qu1b9eafp06ltd0s06c', '::1', 1505196378, 0x5f5f63695f6c6173745f726567656e65726174657c693a313530353139363337383b),
('luj20vlq3ahim0g6qhbt2ss8knequvbd', '::1', 1505369449, 0x5f5f63695f6c6173745f726567656e65726174657c693a313530353336393231333b6964656e746974797c733a31353a2261646d696e40656d61696c2e636f6d223b656d61696c7c733a31353a2261646d696e40656d61696c2e636f6d223b757365725f69647c733a313a2234223b6f6c645f6c6173745f6c6f67696e7c733a31303a2231353035333638353330223b6c6173745f636865636b7c693a313530353336393232323b),
('m001jghjl07m63flvocto4g32olteg7t', '::1', 1505292976, 0x5f5f63695f6c6173745f726567656e65726174657c693a313530353239323638343b6964656e746974797c733a31353a2261646d696e40656d61696c2e636f6d223b656d61696c7c733a31353a2261646d696e40656d61696c2e636f6d223b757365725f69647c733a313a2234223b6f6c645f6c6173745f6c6f67696e7c733a31303a2231353035323035393232223b6c6173745f636865636b7c693a313530353239323639343b),
('m3lo00epfk3le5s5hj3adu56lg89oh0j', '::1', 1505362392, 0x5f5f63695f6c6173745f726567656e65726174657c693a313530353336323339323b6964656e746974797c733a31353a2261646d696e40656d61696c2e636f6d223b656d61696c7c733a31353a2261646d696e40656d61696c2e636f6d223b757365725f69647c733a313a2234223b6f6c645f6c6173745f6c6f67696e7c733a31303a2231353035333537393530223b6c6173745f636865636b7c693a313530353335393236313b),
('mlh780uc4v11jc6hbn4n64t5p61q3jl6', '::1', 1505369801, 0x5f5f63695f6c6173745f726567656e65726174657c693a313530353336393531383b6964656e746974797c733a31353a2261646d696e40656d61696c2e636f6d223b656d61696c7c733a31353a2261646d696e40656d61696c2e636f6d223b757365725f69647c733a313a2234223b6f6c645f6c6173745f6c6f67696e7c733a31303a2231353035333638353330223b6c6173745f636865636b7c693a313530353336393232323b),
('om4p51lnghnrasg3nebejhtnp8fndre9', '::1', 1505367185, 0x5f5f63695f6c6173745f726567656e65726174657c693a313530353336373138353b6964656e746974797c733a31353a2261646d696e40656d61696c2e636f6d223b656d61696c7c733a31353a2261646d696e40656d61696c2e636f6d223b757365725f69647c733a313a2234223b6f6c645f6c6173745f6c6f67696e7c733a31303a2231353035333539323631223b6c6173745f636865636b7c693a313530353336353635313b),
('oofm96projp4k43gpdsjef61cg6nh14l', '::1', 1505365922, 0x5f5f63695f6c6173745f726567656e65726174657c693a313530353336353634353b6964656e746974797c733a31353a2261646d696e40656d61696c2e636f6d223b656d61696c7c733a31353a2261646d696e40656d61696c2e636f6d223b757365725f69647c733a313a2234223b6f6c645f6c6173745f6c6f67696e7c733a31303a2231353035333539323631223b6c6173745f636865636b7c693a313530353336353635313b),
('qkn7pk61dllhi1turua1hg68oc3ko3t3', '::1', 1505361669, 0x5f5f63695f6c6173745f726567656e65726174657c693a313530353336313534323b6964656e746974797c733a31353a2261646d696e40656d61696c2e636f6d223b656d61696c7c733a31353a2261646d696e40656d61696c2e636f6d223b757365725f69647c733a313a2234223b6f6c645f6c6173745f6c6f67696e7c733a31303a2231353035333537393530223b6c6173745f636865636b7c693a313530353335393236313b),
('qtdegnlt2h1gp7kljupujk5a98jgahfp', '::1', 1505368247, 0x5f5f63695f6c6173745f726567656e65726174657c693a313530353336383033303b6964656e746974797c733a31353a2261646d696e40656d61696c2e636f6d223b656d61696c7c733a31353a2261646d696e40656d61696c2e636f6d223b757365725f69647c733a313a2234223b6f6c645f6c6173745f6c6f67696e7c733a31303a2231353035333539323631223b6c6173745f636865636b7c693a313530353336353635313b),
('r19am1vjhvt9qvcc6ubbhkpu2ftna9sc', '::1', 1505200200, 0x5f5f63695f6c6173745f726567656e65726174657c693a313530353139393932313b),
('rlol9aoickb09rqa9m40fu045klgebsu', '::1', 1505367939, 0x5f5f63695f6c6173745f726567656e65726174657c693a313530353336373730383b6964656e746974797c733a31353a2261646d696e40656d61696c2e636f6d223b656d61696c7c733a31353a2261646d696e40656d61696c2e636f6d223b757365725f69647c733a313a2234223b6f6c645f6c6173745f6c6f67696e7c733a31303a2231353035333539323631223b6c6173745f636865636b7c693a313530353336353635313b),
('rsn108cl9tr9uhsooc9g9rmvrivunnvd', '::1', 1505370136, 0x5f5f63695f6c6173745f726567656e65726174657c693a313530353336393833363b6964656e746974797c733a31353a2261646d696e40656d61696c2e636f6d223b656d61696c7c733a31353a2261646d696e40656d61696c2e636f6d223b757365725f69647c733a313a2234223b6f6c645f6c6173745f6c6f67696e7c733a31303a2231353035333638353330223b6c6173745f636865636b7c693a313530353336393232323b),
('si1ils0tnjj8ck6oqfalc8gb0t7q5knu', '::1', 1505205709, 0x5f5f63695f6c6173745f726567656e65726174657c693a313530353230353431303b),
('uq7suphgbogab5j10ajbnb4mor7e8rbu', '::1', 1505203873, 0x5f5f63695f6c6173745f726567656e65726174657c693a313530353230333630343b),
('ut9g37h1tjiu5uc31dc6d9llip02724b', '::1', 1505296686, 0x5f5f63695f6c6173745f726567656e65726174657c693a313530353239363536343b6964656e746974797c733a31353a2261646d696e40656d61696c2e636f6d223b656d61696c7c733a31353a2261646d696e40656d61696c2e636f6d223b757365725f69647c733a313a2234223b6f6c645f6c6173745f6c6f67696e7c733a31303a2231353035323035393232223b6c6173745f636865636b7c693a313530353239323639343b),
('vn9ehbh5hl0ltbo5dtjvk5848tjsjpag', '::1', 1505294551, 0x5f5f63695f6c6173745f726567656e65726174657c693a313530353239343331333b6964656e746974797c733a31353a2261646d696e40656d61696c2e636f6d223b656d61696c7c733a31353a2261646d696e40656d61696c2e636f6d223b757365725f69647c733a313a2234223b6f6c645f6c6173745f6c6f67696e7c733a31303a2231353035323035393232223b6c6173745f636865636b7c693a313530353239323639343b);

-- --------------------------------------------------------

--
-- Table structure for table `users`
--

CREATE TABLE `users` (
  `id` int(11) UNSIGNED NOT NULL,
  `ip_address` varchar(45) NOT NULL COMMENT 'ไอพีแอดเดรส',
  `username` varchar(100) DEFAULT NULL COMMENT 'ชื่อล็อกอิน',
  `password` varchar(255) NOT NULL COMMENT 'รหัสผ่าน',
  `title` varchar(20) NOT NULL COMMENT 'คำนำหน้า',
  `firstname` varchar(10) NOT NULL COMMENT 'ชื่อ',
  `lastname` varchar(100) NOT NULL COMMENT 'นามสกุล',
  `phone` varchar(10) NOT NULL COMMENT 'โทรศัพท์',
  `salt` varchar(255) DEFAULT NULL COMMENT 'คีย์เวิร์ดรหัสผ่าน',
  `email` varchar(100) NOT NULL COMMENT 'อีเมล์',
  `activation_code` varchar(40) DEFAULT NULL COMMENT 'รหัสยืนยันการลงทะเบียน',
  `forgotten_password_code` varchar(40) DEFAULT NULL COMMENT 'รหัสยืนยันการลืมรหัสผ่าน',
  `forgotten_password_time` int(11) UNSIGNED DEFAULT NULL COMMENT 'เวลายืนยันการลืมรหัสผ่าน',
  `remember_code` varchar(40) DEFAULT NULL COMMENT 'การจดจำ',
  `created_on` int(11) UNSIGNED NOT NULL COMMENT 'วันที่สมัคร',
  `last_login` int(11) UNSIGNED DEFAULT NULL COMMENT 'วันที่ล็อกอิน',
  `active` tinyint(1) UNSIGNED DEFAULT NULL COMMENT 'สถานะ'
) ENGINE=InnoDB DEFAULT CHARSET=utf8;

--
-- Dumping data for table `users`
--

INSERT INTO `users` (`id`, `ip_address`, `username`, `password`, `title`, `firstname`, `lastname`, `phone`, `salt`, `email`, `activation_code`, `forgotten_password_code`, `forgotten_password_time`, `remember_code`, `created_on`, `last_login`, `active`) VALUES
(2, '::1', 'note@email.com', '$2y$08$HE.moGh00E8Y1ETaGqN.2eUyCoLYOp/ls0iFwiSsG.i9gvw.LWuJa', '', '', '', '', NULL, 'note@email.com', NULL, NULL, NULL, NULL, 1503303079, 1505024365, 1),
(3, '::1', 'pop@email.com', '$2y$08$j12Y8j/o3PFiiheN.wyO9O4SSMEUQytEk0sucl4gBqRXphof8XxnW', '', '', '', '', NULL, 'pop@email.com', NULL, NULL, NULL, NULL, 1503303097, 1504586108, 1),
(4, '::1', 'admin@email.com', '$2y$08$RI5YYa/PZj7F52e119k8fu/QzxCqET/IYf6z9mduWx/I1MIktFXS.', 'นาย', 'Admin', 'Istrator', '0000000000', NULL, 'admin@email.com', NULL, NULL, NULL, NULL, 1503325808, 1505369222, 1),
(5, '::1', 'test@email.com', '$2y$08$YUgx7tSTBILHj.FEdS3EeOlr5PFk6XwjeoeB4QFJRcBA1J.Xf5C6O', '', '', '', '', NULL, 'test@email.com', NULL, NULL, NULL, NULL, 1505060447, 1505060454, 1);

-- --------------------------------------------------------

--
-- Table structure for table `users_groups`
--

CREATE TABLE `users_groups` (
  `id` int(11) UNSIGNED NOT NULL,
  `user_id` int(11) UNSIGNED NOT NULL COMMENT 'ไอดีผู้ใช้',
  `group_id` mediumint(8) UNSIGNED NOT NULL COMMENT 'ไอดีกลุ่ม'
) ENGINE=InnoDB DEFAULT CHARSET=utf8;

--
-- Dumping data for table `users_groups`
--

INSERT INTO `users_groups` (`id`, `user_id`, `group_id`) VALUES
(3, 2, 2),
(4, 3, 2),
(5, 4, 1),
(6, 5, 2);

--
-- Indexes for dumped tables
--

--
-- Indexes for table `assets`
--
ALTER TABLE `assets`
  ADD PRIMARY KEY (`id`);

--
-- Indexes for table `assets_by`
--
ALTER TABLE `assets_by`
  ADD PRIMARY KEY (`id`);

--
-- Indexes for table `groups`
--
ALTER TABLE `groups`
  ADD PRIMARY KEY (`id`);

--
-- Indexes for table `login_attempts`
--
ALTER TABLE `login_attempts`
  ADD PRIMARY KEY (`id`);

--
-- Indexes for table `orders`
--
ALTER TABLE `orders`
  ADD PRIMARY KEY (`id`);

--
-- Indexes for table `sessions`
--
ALTER TABLE `sessions`
  ADD PRIMARY KEY (`id`,`ip_address`),
  ADD KEY `ci_sessions_timestamp` (`timestamp`);

--
-- Indexes for table `users`
--
ALTER TABLE `users`
  ADD PRIMARY KEY (`id`);

--
-- Indexes for table `users_groups`
--
ALTER TABLE `users_groups`
  ADD PRIMARY KEY (`id`),
  ADD UNIQUE KEY `uc_users_groups` (`user_id`,`group_id`),
  ADD KEY `fk_users_groups_users1_idx` (`user_id`),
  ADD KEY `fk_users_groups_groups1_idx` (`group_id`);

--
-- AUTO_INCREMENT for dumped tables
--

--
-- AUTO_INCREMENT for table `assets`
--
ALTER TABLE `assets`
  MODIFY `id` int(11) NOT NULL AUTO_INCREMENT, AUTO_INCREMENT=15;
--
-- AUTO_INCREMENT for table `assets_by`
--
ALTER TABLE `assets_by`
  MODIFY `id` int(11) NOT NULL AUTO_INCREMENT, AUTO_INCREMENT=15;
--
-- AUTO_INCREMENT for table `groups`
--
ALTER TABLE `groups`
  MODIFY `id` mediumint(8) UNSIGNED NOT NULL AUTO_INCREMENT, AUTO_INCREMENT=3;
--
-- AUTO_INCREMENT for table `login_attempts`
--
ALTER TABLE `login_attempts`
  MODIFY `id` int(11) UNSIGNED NOT NULL AUTO_INCREMENT;
--
-- AUTO_INCREMENT for table `orders`
--
ALTER TABLE `orders`
  MODIFY `id` int(6) NOT NULL AUTO_INCREMENT, AUTO_INCREMENT=3;
--
-- AUTO_INCREMENT for table `users`
--
ALTER TABLE `users`
  MODIFY `id` int(11) UNSIGNED NOT NULL AUTO_INCREMENT, AUTO_INCREMENT=6;
--
-- AUTO_INCREMENT for table `users_groups`
--
ALTER TABLE `users_groups`
  MODIFY `id` int(11) UNSIGNED NOT NULL AUTO_INCREMENT, AUTO_INCREMENT=7;
--
-- Constraints for dumped tables
--

--
-- Constraints for table `users_groups`
--
ALTER TABLE `users_groups`
  ADD CONSTRAINT `fk_users_groups_groups1` FOREIGN KEY (`group_id`) REFERENCES `groups` (`id`) ON DELETE CASCADE ON UPDATE NO ACTION,
  ADD CONSTRAINT `fk_users_groups_users1` FOREIGN KEY (`user_id`) REFERENCES `users` (`id`) ON DELETE CASCADE ON UPDATE NO ACTION;
COMMIT;

/*!40101 SET CHARACTER_SET_CLIENT=@OLD_CHARACTER_SET_CLIENT */;
/*!40101 SET CHARACTER_SET_RESULTS=@OLD_CHARACTER_SET_RESULTS */;
/*!40101 SET COLLATION_CONNECTION=@OLD_COLLATION_CONNECTION */;
